{"cameraMode":{"drawMode":0,"name":"Shaded","section":"Shading Mode"},"sceneLighting":false,"audioPlay":false,"sceneViewState":{"showFog":true,"showMaterialUpdate":false,"showSkybox":false,"showFlares":true,"showImageEffects":true,"showParticleSystems":true},"in2DMode":false,"pivot":{"x":-68.30831146240235,"y":-27.521697998046876,"z":-2.233642578125},"rotation":{"x":0.1265220195055008,"y":-0.02380509302020073,"z":0.003034292021766305,"w":0.9916806817054749},"size":894.126953125,"orthographic":false}